Tipo;Nome;Funcao;Unidade;Bruto;Filhos;INSS;Familia;IR;Quinzena;Adiantamento;Gratificacao;MensalLiquido;Producao;Comissao;Conta;PIX
Funcionario;ARLINDO LEITE DE BRITO JUNIOR;MOTORISTA;SJE;2410;0;192.58;0;0;964;0;0;1253.42;970;0;;87999146340
Funcionario;CARLOS ALBERTO FERREIRA;MOTORISTA;SJE;2410;0;192.58;0;0;964;0;0;1253.42;1230;0;1563/82316-4;
Funcionario;IRINALDO DOS SANTOS BRITO;MOTORISTA;SJE;2410;0;192.58;0;0;964;0;0;1253.42;1150;0;1563/76509-1;
Funcionario;JOSÉ EDNALDO XAVIER SOARES;AJUDANTE;SJE;1720;1;130.48;67.54;0;688;0;0;969.06;1390;0;3506/336083-1;
Funcionario;JOSÉ EUGENIO BRITO ALVES;MOTORISTA;SJE;2410;0;192.58;0;0;964;0;0;1253.42;1030;0;6240/255425-10;
Funcionario;JOSÉ ILTON LACERDA R. JUNIOR;MOTORISTA BOMBISTA;SJE;2520;0;202.48;0;0;1008;0;0;1309.52;1390;0;1563/52004-8;
Funcionario;JOSÉ MARINALDO PEREIRA DE ARAÚJO;BALANCEIRO;SJE;2520;0;202.48;0;0;1008;0;0;1309.52;1150;0;6240/251525-4;
Funcionario;JOSE PEDRO DA SILVA;AJUDANTE;SJE;1720;2;130.48;135.08;0;688;0;0;1036.6;1390;0;;87996349221
Funcionario;PATRÍCIA DE LIMA GONÇALVES;SECRETARIA;SJE;2080;0;162.88;0;0;832;0;0;1085.12;0;0;6045/7335-1;
Terceiro;RAIMUNDO MARIANO DA SILVA JUNIOR;Terceiro;SJE;;;;;;1708;2562;;0;;raimundojunior100@gmail.com
Funcionario;RENILSON FERREIRA DE MELO;ENG. ELETRICO;SJE;7000;0;781.51;0;650.7;2800;0;2000;4767.79;0;0;;
Funcionario;VALDERCLEITON FREIRE DE OLIVEIRA;VENDEDOR;SJE;2520;0;202.48;0;0;1008;0;0;1309.52;0;6504.16;6347/396600-4;
TOTAL;;;;;;2583.11;202.62;650.7;11888;0;2000;16800.81;9700;7604.16;;